title_year,budget,gross,actor_1_facebook_likes,high_score
2014,20000000,84518155,989,0
1999,21000000,52008288,893,1
2000,82000000,34543701,3000,0
1999,21500000,24362501,12000,1
2013,5000000,44456509,399,1
2014,15000000,37877959,2000,1
2000,24000000,12372410,1000,0
2011,30000000,26687172,759,1
1999,50000000,81517441,1000,1
2004,6500000,54557348,3000,1
2005,25000000,16247775,1000,0
2011,20000000,100292856,3000,0
2007,180000,9437933,200,1
2011,15000000,44667095,996,1
2001,90000000,6712451,752,0
2014,12000000,91443253,399,0
2002,13500000,15854988,2000,1
2006,1500000,327919,1000,1
2013,2500000,40041683,713,0
1999,40000000,81292135,22000,1
2002,13000000,28972187,11000,0
2004,12000000,261481,878,1
2000,12800000,4157491,963,1
1993,3500000,27900000,851,1
2011,57000000,51774002,12000,0
2002,35000000,16988996,3000,0
1996,54000000,128769345,851,0
2008,1000000,2508841,496,1
1995,33000000,100125340,11000,1
2006,1592000,638951,51,1
2008,40000000,1027749,991,1
2011,7400000,3029870,10000,1
2011,3000000,22000,2000,0
1992,40000000,72455275,855,1
2006,17000000,273420,1000,0
1981,20000000,8500000,691,0
2010,7000000,46451,26000,0
2005,1000000,9013113,2000,1
1989,18000000,26830000,18000,1
2014,65000000,85911262,2000,0
1998,60000,536767,1000,0
1985,12000000,65500000,11000,1
1990,34000,333658,882,1
2003,218,592014,58,1
1998,1300000,1647780,280,1
2010,5000000,2221809,967,0
2006,90000000,33574332,23000,1
1999,10000000,6201757,1000,1
1977,14000000,46800000,456,1
1989,1200000,24741700,828,1
2016,15000000,71897215,14000,1
1980,6000000,39800000,13000,1
2000,19000000,15911333,1000,0
2013,25000000,4756,2000,0
2006,40000000,652526,15000,0
2004,200000,381225,66,1
2008,20000000,30028592,26000,1
2012,17000000,24397469,1000,0
2006,20000000,20259297,16000,0
1999,27000000,31768374,1000,0
2005,8000000,127144,8000,0
2016,29000000,63034755,22000,0
1992,1200000,2812029,16000,1
2009,30000000,79566871,1000,0
1999,25000000,13038660,876,1
2006,50000000,88658172,14000,0
1995,58000000,106635996,394,1
2003,35200000,37788228,1000,0
2000,31000000,44983704,2000,1
2007,20000000,4001121,23000,0
1983,27000000,21500000,2000,1
2002,12000000,37188667,1000,0
2002,60000000,90341670,12000,0
2012,500000,133778,14,1
2005,8000000,22201636,275,1
2004,24000000,4710455,23000,1
2011,8000000,10106233,1000,0
2003,12000000,4717455,1000,0
2012,8900000,225377,678,1
2012,32000000,16377274,378,1
2008,16500000,26896744,851,0
2014,4000000,143653,507,0
2008,30000000,60269340,2000,0
1997,3000000,24629916,2000,0
2012,40000000,37101011,405,0
1985,31000000,87100000,11000,1
2015,2300000,12985267,2000,0
2010,14000000,1752214,1000,1
2015,8495000,1712111,3000,0
2015,75000000,45434443,15000,1
2014,8500000,32279955,15000,1
2012,40000000,95720716,1000,1
2002,17000000,12693621,1000,0
1994,6200000,126247,16000,0
2015,55000000,43247140,963,1
2005,30000000,14888028,849,0
2002,2000000,2506446,8000,0
2009,16000000,11956207,1000,0
2002,60000000,121468960,13000,1
2015,12000000,14616,1000,1
2000,65000000,123307945,611,0
2011,2450000,178739,847,0
2005,20000000,11034436,5000,1
2005,40000000,30981850,1000,0
1998,1500000,2365931,1000,1
2012,2500000,3325638,902,1
1986,3000000,19472057,956,0
2007,9000000,24530513,909,1
2004,30000000,499263,260,1
2006,8000000,59889948,7000,1
2011,27000000,38536376,2000,0
1995,40000000,14942422,12000,0
1993,15000000,22189039,1000,0
2002,11000000,3034181,658,0
1997,71000000,11466088,995,0
2002,38000000,39177215,970,0
1974,2800000,86300000,1000,1
2008,80000000,79363785,18000,0
2001,25000000,22723,776,0
2006,76000000,35286428,16000,1
2004,28000000,64371181,639,1
1998,35000000,10076136,635,0
2015,36000000,2126511,461,1
2007,10000000,17544812,1000,0
1986,1900000,4600000,18000,1
2012,750000,4007792,934,0
2012,1000000,5997134,422,1
2006,25000000,34300771,11000,1
2001,15000000,7219578,6000,1
2007,2000000,952620,569,0
1988,15000000,73326666,925,1
1985,15000000,94175854,852,1
2007,2000000,1430185,393,1
2007,55000000,53574088,23000,1
1998,60000000,125603360,2000,1
2000,55000000,19389454,21000,1
2007,1300000,1060591,227,1
2000,13000000,46729374,3000,0
2013,8500000,21564616,3000,0
2007,20000000,121463226,15000,1
2001,12000000,2326407,5000,0
1997,55000000,105263257,3000,0
2000,16000000,15427192,8000,0
2001,17700000,27087695,861,0
2002,11000000,4814244,960,0
1987,1300000,354704,10000,0
2006,2400000,978908,973,0
2013,30000000,116631310,15000,1
2001,45000000,71277420,1000,0
2002,25000000,13973532,985,0
2014,35000000,10499968,1000,0
2003,46000,1127331,30,1
2001,57000000,25528495,23000,0
2004,25000000,14334645,22000,0
1984,1800000,32600000,158,0
2001,14000000,3100650,159,0
1999,10000000,10824921,989,1
2013,15000000,9123834,931,0
2006,8700000,5480996,21000,1
2002,9000000,112935,149,1
2004,47000000,6167817,226,1
2008,55000000,69951824,10000,1
2004,18000000,64955956,748,0
2003,18000000,56127162,500,0
2010,3500000,20803237,14000,1
1981,14000000,800000,902,0
2011,8000000,34963967,23000,1
2015,30000000,1865774,27000,0
1998,45000000,70001065,886,1
1984,8000000,90800000,668,1
2009,4000000,101055,648,0
2007,30000,243768,32,0
1991,70000000,17218080,13000,0
2007,25000000,17114882,10000,1
1998,7500000,6712241,1000,1
2008,12000000,3148482,812,1
1994,25000000,32055248,924,0
2002,10000000,6044618,12000,0
2005,15500000,1181197,1000,0
2008,30000000,10955425,165,0
1988,30000000,38413606,22000,1
2016,5000000,9658370,927,0
2008,20000000,94497271,2000,0
2011,45000000,88625922,970,1
1987,4000000,800000,721,0
2008,25000000,48237389,15000,0
2009,8000000,16699684,24000,0
1987,51000000,14375181,636,0
1975,4400000,112000000,888,1
2009,35000000,10268846,1000,0
2005,56000000,113006880,14000,0
2013,55000000,55747724,1000,0
2013,11000000,13214255,3000,1
2000,40000000,30199105,2000,0
1991,11000000,2807854,14000,0
2013,12000000,15294553,565,1
2005,26000000,109243478,7000,1
2004,35000000,75367693,13000,0
2005,10000000,55865715,494,0
1995,45000000,20302961,16000,0
2004,25000000,31526393,601,0
2000,16000000,20627372,3000,0
2008,900000,18378,1000,0
1995,55000000,37600435,919,0
2015,35000000,34507079,472,0
2007,80000000,15071514,1000,0
1996,3500000,16501785,2000,1
2011,23000000,18934858,17000,0
1997,17000000,53868030,8000,0
1996,47000000,60154431,2000,0
2004,150000,191309,308,0
2013,25000000,16969390,13000,0
2002,15000000,30259652,2000,0
2002,70000000,14294842,349,0
2002,18000000,676698,1000,1
2009,15000000,5306447,860,1
2010,25000000,11538204,18000,0
2005,70000000,47379090,745,1
2012,20000000,3749061,15000,0
1999,17000000,11634458,1000,0
2000,65000000,10014234,975,0
1998,3000000,3000000,22000,1
2014,48000000,89253340,14000,0
2007,85000000,127706877,283,1
2012,39000000,35287788,940,0
2002,27000000,69586544,1000,0
1986,12000000,4884663,425,0
2015,40000000,10640645,1000,0
2003,30000000,14208384,372,0
2011,75000000,20315324,14000,0
1997,180000,925402,36,1
2006,45000000,90703745,2000,0
2004,5000000,1082044,23000,1
2010,4600000,513836,74,1
2001,40000,110536,126,0
1988,7000000,8373585,883,1
2000,10000000,6982680,931,0
2011,50000000,126975169,1000,1
2014,18000000,15155772,712,0
1982,21000000,46700000,16000,0
2005,25000000,77231,1000,0
2014,40000000,38543473,683,0
2002,20000000,8586376,890,0
1974,83532,30859000,383,1
1997,57000000,60984028,18000,1
2007,40000000,25117498,327,0
2004,12000000,1197786,510,1
2009,12500000,1089445,968,0
2007,21000000,36581633,2000,1
1991,15000000,30102717,633,0
1989,20000000,10555348,22000,0
2000,30000000,117559438,826,0
2009,40000000,20999103,13000,1
2006,12000000,18595716,836,0
1999,10000000,6197866,874,1
2002,3000000,13684949,1000,0
2004,26000000,48114556,1000,0
2009,3000000,5005,433,0
2012,75000000,38509342,394,0
2003,48000000,110000082,807,0
2009,18000000,14793904,946,0
2003,60000000,106126012,26000,0
2004,19000000,58156435,506,0
2015,14800000,66009973,20000,0
1998,2900000,5595428,119,1
2008,2000000,4958,29,1
2014,22500000,4190530,523,1
1997,29000000,22359293,1000,0
2007,70000000,47456450,3000,1
1991,450000,2712293,353,0
2012,35000000,13401683,409,1
2002,25000000,41597830,11000,1
1986,17000000,6734844,567,0
2003,50000000,19593740,18000,1
2006,86000000,15131330,563,0
2003,16000000,34308901,833,0
1978,300000,47000000,2000,1
2003,2000000,1098224,178,0
2004,80000000,84185387,4000,0
1998,52000000,36385763,648,1
2015,37000000,20991497,15000,0
2012,35000000,25863915,907,0
2000,1000000,1744858,1000,0
2003,8000000,336456,21000,0
1996,40000000,27663982,10000,0
1991,6000000,57504069,27,1
1986,35000000,16295774,1000,0
1982,5000000,14100000,801,1
2000,40000000,33508922,18000,1
1992,2300000,62549000,1000,1
1999,63000000,37023395,11000,1
2010,18000000,18329466,11000,1
1995,6000000,2600000,21000,1
2005,40000000,25335935,2000,1
2015,150000,4914,0,0
1998,27000000,10297897,11000,0
1993,50000000,700000,106,0
2007,45000000,93452056,11000,1
1997,250000,203134,5,0
2005,5500000,50382128,907,0
1993,30000000,32000000,554,1
1994,20000000,13383737,1000,1
1997,5000000,4306697,990,1
2001,11000000,13103828,11000,1
2013,2500000,6851969,8000,1
2014,1000000,31537320,707,0
2014,35000000,86208010,13000,0
2000,70000000,17473245,2,0
1996,3000000,4109095,729,0
2000,75000000,94999143,18000,1
2000,600000,171988,602,0
2008,8000000,25926543,449,0
2003,300000,2360184,1000,1
1999,2000000,6026908,489,0
2001,30000000,17951431,962,0
1993,800000,1001437,159,1
2004,65000000,52397389,16000,0
1998,13000000,8026971,1000,0
2012,5000000,53884821,235,0
2008,55000000,33472850,8000,0
2002,29000000,16930185,2000,0
1997,80000000,17593391,766,0
2001,21000000,52353636,13000,1
2010,25000000,93571803,23000,1
2009,16000000,15045676,902,0
2009,30000000,58715510,11000,0
1982,10700000,76600000,887,1
1995,68000000,35324232,584,0
1999,40000000,28535768,607,0
2012,20000000,6002756,18000,1
2004,50000000,24006726,13000,1
2011,100000,1316074,574,0
1996,1300000,695229,12000,1
1996,5000000,13269963,11000,1
2009,18000000,22927390,2000,0
2006,5000000,24138847,1000,1
2002,35000000,81150692,773,0
2010,20000000,1183354,403,0
1990,11000000,16667084,651,1
2006,47000000,15519841,4000,0
2011,10000000,1754319,749,1
2005,1500000,7362100,436,1
2002,70000000,30157016,12000,0
2008,2500000,12995673,334,1
1999,8000000,1997807,638,1
2000,15000000,12801190,1000,0
1990,70000000,117541000,13000,1
1994,26000000,13829734,1000,0
2005,45000000,24520892,11000,0
2002,80000000,73215310,13000,0
1987,3500000,14000000,3000,0
2003,3000000,2181290,717,1
1998,3500000,7267324,486,1
2000,7000000,15047419,23000,1
1999,1200000,110720,142,1
2005,33000000,8326035,688,0
2005,50000000,39177541,12000,0
2006,25000000,54098051,440,0
2006,2800000,475000,833,0
2003,25000000,90135191,616,1
2005,43000000,24407944,3000,0
2005,50000000,50815288,13000,0
2008,80000000,120136047,4000,0
2005,62000000,25857987,9000,0
2007,30000000,53680848,18000,1
2006,16000000,39825798,3000,1
2007,25000000,74273505,2000,1
2005,14000000,83025853,15000,1
1998,30000000,60033780,970,0
1999,15000000,16459004,471,0
2006,15000000,47860214,1000,0
1981,14000000,11433134,362,1
2008,40000000,511920,795,0
1999,21000000,15593,670,0
2006,32000000,80197993,678,0
2010,26000000,40168080,2000,0
2006,6000000,63231524,1000,0
2006,21000000,4398392,2000,1
2008,20000000,4234040,20,0
2003,7000000,12583510,1000,0
2001,11000000,13558739,1000,0
2003,16000000,14108518,812,0
2008,40000000,15279680,12000,0
2005,2000000,3335839,24000,0
2011,18000000,127437,974,0
2000,13000000,60008303,571,0
2001,75000000,5409517,3000,0
1992,33000000,48169908,18000,1
1993,7000000,40158000,1000,1
2011,16000000,37300107,3000,0
2001,77000000,33201661,326,1
2013,1000000,4946250,130,1
1997,250000,12006514,13000,1
2008,12000000,8134217,436,0
2006,30000000,2975649,876,0
2010,9500000,58214,617,0
1997,50000000,48154732,10000,0
2009,10000000,19348,12000,0
2008,15000000,183088,697,0
2011,20000000,13987482,11000,0
1995,11000000,39025000,276,1
2002,25000000,17791031,11000,1
1995,60000000,50024083,789,0
2014,70000,30084,10000,0
1986,17000000,2315683,400,0
2005,35000000,19294901,1000,0
1997,12000000,141853,941,0
1995,3500000,27900000,826,1
1995,50000000,9795017,2000,0
2000,40000000,29374178,3000,0
2001,11000000,12610731,1000,0
2000,28000000,16779636,497,0
2009,5000000,92900,1000,0
2001,1500000,703,474,0
2003,79000000,95632614,22000,1
1999,83000000,66862068,1000,0
2007,70000000,38345403,15000,1
1997,300000,40542,318,0
1998,90000000,120618403,2000,1
1988,32000000,60328558,13000,0
1990,60000000,82670733,10000,0
2008,35000000,42168445,940,0
2007,20000000,8104069,716,0
2010,35000000,21129348,10000,1
1989,9000000,10161099,591,1
2000,6000000,18621249,957,1
1977,26000000,50800000,385,1
2002,70000000,18990542,1000,0
2015,14000000,12282677,3000,0
2000,33000000,28927720,18000,0
1999,3500000,3071947,3000,0
2007,15000000,55184721,2000,0
2000,5000000,21994911,838,1
2008,62000000,32178777,3000,0
1977,4000000,39200000,11000,1
2008,7500000,4131640,834,0
2004,40000000,16323969,13000,0
2012,9600000,71442,6000,1
2011,35000000,28064226,327,0
2015,13500000,186354,25000,0
1998,3500000,6390032,3000,1
2004,50000000,6471394,11000,0
2007,53000000,25031037,16000,1
1999,6500000,16842303,900,1
2005,30000000,56068547,567,1
2005,14000000,16298046,874,0
2006,1400000,18435,533,0
2006,1500000,155972,53,1
2007,20000000,47852604,826,0
2011,50200000,62453315,13000,1
2009,4825000,1110286,6000,1
2016,50000000,52822418,769,1
2002,10000000,1309849,16000,1
2002,10000000,598645,990,0
2005,12000000,860002,706,1
2008,6000000,26236603,1000,1
2013,20000000,56667870,2000,1
2015,100000,22757819,220,0
1986,2000000,7369373,265,0
1988,18000000,114968774,15000,1
2010,40000000,67061228,18000,0
2009,26000000,20819129,567,0
2003,25000000,39399750,971,0
1987,350000,4000000,615,0
1989,5000000,6157157,859,0
2013,25000000,37738400,19000,1
2004,18000000,3752725,14000,1
2009,6500000,66637,12000,1
2013,30000000,32154410,17000,1
1999,13000000,5871603,3000,0
1986,13800000,52293982,10000,0
1990,225000,2938208,88,1
2000,15000000,8735529,11000,0
2000,25000000,14983572,774,0
1995,50000000,100328194,795,0
1986,4700000,8025872,237,0
2013,13000000,18004225,2000,0
2009,30000000,31743332,940,1
1998,24000000,100491683,971,0
2002,12000000,10198766,529,0
2013,33000000,99462,716,1
1997,2700000,9054736,402,1
2011,30300000,1196752,286,1
2000,34000000,23360779,9000,0
2010,14000000,20246959,953,0
1991,30000000,74888996,12000,1
2005,35000000,67962333,1000,0
2007,15000000,20380,1000,0
2009,16000000,42638165,10000,0
1996,25000000,15091542,940,0
2014,300000,2468,685,0
2016,10000000,26583369,533,0
2006,1000000,104077,1000,1
2001,2000000,13622333,269,1
2003,9500000,7002255,23,1
2009,60000000,37479778,13000,1
2010,10000000,3205244,1000,1
1999,48000000,60652036,2000,1
1997,50000000,58297830,4000,1
1991,35000000,79100000,22000,1
2004,10000000,8070311,7000,0
2012,68000000,34350553,622,0
2010,47000000,10539414,13000,0
2003,30000000,41407470,3000,1
2008,20000000,476270,486,1
2013,38000000,26903709,26000,1
2014,28000000,20285518,23000,0
2006,15000000,17508670,386,1
2006,20000000,17803796,970,0
2010,8000000,58401464,15000,1
2004,30000000,12831121,489,0
2009,26000000,28501651,20000,1
2005,22000000,1050445,203,1
2015,5000000,3219029,727,1
2013,13000000,25675765,552,0
2010,75000000,47000485,19000,0
2002,80000000,104054514,15000,1
1999,80000000,91188905,14000,0
2011,9000000,27445,472,0
2000,225000,1027119,254,0
2003,4800000,4063859,65,1
2008,2500000,173783,860,1
2005,25000000,11008432,13000,1
2009,70000000,617840,614,1
2013,900000,16097842,282,1
2000,10000000,447750,865,1
2016,25000000,14946229,788,1
2016,10000000,35794166,4000,0
2009,7500000,32391374,23000,1
2010,35000000,17596256,3000,0
2005,50000000,10137232,984,0
2012,1000000,18112929,1000,0
2011,17000000,27854896,15000,0
2005,14200000,74205,3000,1
2011,94000000,9213,23000,1
1999,38000000,8406264,11000,0
2001,13000000,5002310,15000,0
1983,39000000,60000000,593,0
2003,20000000,16248701,6000,1
1996,25530000,20047715,442,0
1991,17000000,9286314,174,0
2005,30000000,51097664,22000,0
2012,79000000,103812241,14000,0
2014,65000000,19059018,623,0
2002,42000000,13208023,2000,0
2004,40000000,40203020,14000,0
2002,55000000,93815117,5000,0
2015,30000000,46875468,455,1
2004,5500000,3629758,517,1
1997,90000000,100853835,11000,1
2008,12000000,7001720,885,0
2005,70000000,129319,421,0
2006,33000000,34014398,852,0
1975,229575,1229197,795,1
2003,22000000,58328680,3000,1
1994,30000000,2869369,1000,1
2004,28000000,17848322,638,0
1996,7000000,1040879,387,1
2003,40000000,9652000,1000,0
2006,19000000,13753931,378,1
1988,20000000,13854000,11000,0
2000,5000000,9628751,93,0
2002,500000,243347,597,0
2014,4000000,25359200,230,1
1996,12000000,38624000,11000,0
2004,65000000,100003492,10000,1
1990,30000000,122012643,826,1
1999,500000,2047570,54,1
2004,4000000,2338695,27000,1
1989,160000,6706368,909,1
2006,3000000,7059537,939,0
2002,6000000,6165429,116,1
2009,12000000,2222647,63,1
1976,960000,117235247,13000,1
1983,15000000,61400000,816,1
1995,45000000,35617599,1000,0
2009,60000000,75280058,309,1
2010,3400000,535249,189,0
2013,40000000,125069696,480,1
2009,7000000,9190525,816,0
2013,30000000,19316646,3000,0
2008,60000000,11802056,973,0
1974,2600000,119500000,1000,1
1999,37000000,22450975,786,1
2001,72000000,32616869,13000,0
2002,38000000,85570368,12000,0
2013,7000000,23838,805,0
2002,16000000,40363530,911,0
2013,4000000,100412,623,1
1993,8000000,22551000,18000,1
2001,38000000,623374,1000,0
2010,10000000,21371425,929,0
2004,20000000,17104669,264,1
1997,1000000,464655,611,0
2007,20000000,15797907,283,1
2009,5000000,143000,487,0
2005,75000000,45356386,2000,0
2005,1500000,92362,890,0
2014,12000000,124868837,8000,1
1982,20000000,5333658,456,0
2003,4000000,44566004,19000,1
2006,45000000,88504640,18000,1
2004,18000000,7739049,405,1
1988,10500000,14114488,1000,0
2009,3000000,10017041,1000,0
2011,32000000,37911876,918,0
2005,3500000,26005908,513,1
1990,65000000,119412921,605,1
2003,14000000,15549702,869,0
1994,25000000,121248145,18000,1
2005,30000000,67253092,17000,1
1996,5500000,35811509,509,1
2000,76000000,26000610,22000,0
2014,4500000,8691,2000,0
1991,2500000,6401336,18000,1
1985,26000000,33200000,826,1
2009,15000000,51527787,10000,0
2003,500000,1111615,69,0
2006,9000000,23078294,1000,0
2009,8500000,4440055,2000,0
2008,35000000,22877808,29000,1
2005,6500000,24792061,24000,1
2004,30000000,100422786,16000,1
2004,10000000,2086345,273,1
2003,24000000,74608545,8000,1
2012,14000000,9402410,962,0
2001,16000000,4356743,719,0
1997,12000000,39647595,22000,1
2014,20000000,52066000,1000,1
1998,90000000,111544445,10000,1
2004,39000000,5881504,865,0
2007,25000000,40218903,272,1
2015,2000000,2557668,1000,0
2013,13500000,85433,5000,1
1997,28000000,5532301,2,0
2000,6000000,9821335,939,0
2014,25000000,59073773,13000,1
2015,2100000,3330,128,1
2011,20000000,24104113,19000,1
2006,20000000,39143839,4000,0
2000,20000000,15464026,302,0
1995,50000000,10400000,10000,0
2014,24000000,65182182,966,0
2003,38000000,7659747,13000,0
1990,40000000,87666629,1000,1
2002,12000000,1779284,1000,1
2015,4000000,375723,61,1
2002,20000000,32983713,723,0
2011,40000000,37371385,176,0
2003,80000000,20950820,3000,0
2004,16000000,13922211,939,0
1999,40000,277233,20000,1
2008,60000000,19781879,19000,0
1994,60000000,105264608,11000,1
2002,60000000,32122249,22000,0
2014,15000000,35887263,13000,1
1985,2200000,21300000,42,0
2013,1066167,258113,1000,1
2006,26000000,16647384,931,0
2010,22000000,1796024,22000,0
1994,230000,3151130,898,1
2001,12000000,17292381,833,0
2014,40000000,83906114,982,0
2006,10000000,1055654,634,1
2007,500000,31937,396,0
2015,70000000,7097125,26000,0
1993,14000000,27515786,592,0
2008,45000000,145109,573,1
2006,15000000,9396487,3000,0
2008,32000000,34180954,14000,1
2008,200000,215185,178,1
2010,25000000,134904,908,0
1988,15800000,109306210,442,0
1999,24000000,10431220,2000,0
2010,400000,425899,93,0
2012,20000000,65623128,982,0
1979,11000000,78900000,1000,1
1989,6500000,27545445,782,1
2003,87000000,120147445,12000,1
2009,4500000,12574715,3000,1
2001,22000000,19351569,240,0
2011,70000000,83552429,833,0
2009,26000000,16999046,900,0
2009,30000000,115646235,2000,1
2004,60000000,80281096,886,0
2011,930000,20186,945,0
2007,16000000,2849142,1000,1
2002,800000,2073984,302,1
2001,1000000,798341,957,1
2007,18000000,25592632,2000,1
2004,15000000,10411980,1000,0
1989,14000000,70001698,10000,1
1997,4000000,12836,18000,0
1999,21000000,17757087,711,0
2002,22000000,121972,14000,0
1996,44000000,53300852,22000,1
2003,22000000,51483949,955,0
2015,17000000,26284475,10000,0
2007,10000000,900926,966,0
2000,6500000,64148,844,1
2015,10000000,27736779,1000,0
2003,100000,11798,361,0
1981,18000000,8000000,372,0
2013,25000000,52528330,975,0
2016,20000000,28876924,646,1
2004,50000000,37486138,627,0
2014,50000000,91439400,14000,0
2005,45000000,48472213,1000,0
2005,70000000,62647540,15000,1
1988,5000000,17768000,742,0
2014,5000000,50820940,852,0
1998,25000000,777423,2000,1
2001,30000000,64172251,979,0
2004,2700000,95016,289,1
2012,60000000,80033643,10000,0
2010,25000000,14637490,798,0
2010,13000000,106952327,20000,1
1980,6500000,31899000,754,1
2002,11000000,41227069,683,1
2013,11000000,34334256,383,0
2003,60000000,66734992,658,0
1999,60000000,73648142,1000,0
2014,150000,5858,0,1
2011,50000000,75605492,22000,1
2015,35000000,10137502,23000,1
2002,4000000,4046737,769,1
2005,32000000,31493782,10000,1
2011,120000,469947,507,1
2000,92000000,125305545,13000,0
2010,8000000,6350058,943,1
1974,13000000,57300000,22000,1
2012,85000000,64933670,8000,0
1998,75000000,14567883,933,0
2004,6000000,795126,393,1
1995,18000000,70360285,1000,0
1987,1100000,1400000,448,0
1999,12000000,2060953,769,1
2000,15000000,27441122,1000,1
1987,3600000,5923044,634,1
2009,2000000,20167424,827,1
2001,15000000,14249005,826,0
2004,11000000,10214647,14000,1
2014,5000000,2445646,10000,0
2013,75000000,117698894,11000,1
2016,5000000,11675178,729,0
2006,1000000,1677838,783,1
1992,12000000,21370057,636,0
1998,14000000,38048637,975,0
2005,52000000,1891821,1000,0
2008,70000000,22531698,14000,0
2006,15000000,8080116,8000,0
2000,28000000,33000377,18000,0
1989,5000000,14343976,935,0
2000,15000000,35007180,23000,0
2010,45000000,15523168,854,1
2000,60000000,36037909,374,0
2007,1000000,274661,141,1
2009,50000000,20488579,18000,0
2009,10000000,449558,1000,1
2005,32000000,82301521,826,0
2007,40000000,41797066,1000,0
2014,68000000,85707116,11000,1
1996,45000000,17300889,1000,0
1998,69000000,55585389,12000,0
2011,5000000,1729969,982,1
2012,1000000,484221,3,1
2002,13000000,15361537,462,0
2003,17000000,42672630,925,0
1989,40000000,118500000,1000,1
2002,19000000,22245861,12000,1
2013,40000000,95001343,11000,1
2006,30000000,18500966,14000,0
1999,9000000,3193102,402,1
2013,3000000,8114507,140,1
2002,35000000,30079316,534,0
2003,17000000,4068087,866,1
2006,10000000,5484375,23000,1
2008,20000000,43818159,2000,0
2012,17000000,4930798,465,0
2008,35000000,40687294,15000,0
2004,4000000,13464388,605,1
2009,18000000,22452209,808,0
2014,55000000,101530738,18000,1
2009,60000000,109176215,4000,0
2015,90000000,27356090,14000,0
2013,40000000,26616999,430,0
1997,5000000,20733485,205,1
2001,7000000,6200756,19000,1
2010,40000000,96917897,10000,1
2001,17000000,96471845,482,1
2001,22000000,11560259,15000,0
2007,2000000,19067631,597,1
1990,3000000,15369573,610,0
1996,25000000,17100000,4000,0
2015,18026148,6498000,218,1
1996,25000000,14095303,900,0
2000,50000000,6291602,2000,0
2011,3000000,73678,1000,0
2001,5500000,1292119,14000,1
1988,7000000,20257000,1000,0
2013,46000000,60962878,20000,1
2011,40000000,42575718,703,0
2010,20000000,263365,3000,0
2014,80000000,23219748,795,0
2004,20000000,34126138,14000,1
1988,4000000,3468572,721,1
2004,7000,424760,291,0
2007,20000000,18882880,995,0
1999,64000000,31054924,11000,0
2002,4000000,562059,979,0
2003,30000000,82163317,918,0
2016,50000000,28837115,14000,0
2013,70000000,8460990,2000,0
2004,8000000,40066497,389,0
2006,19000000,7156725,2000,0
1998,90000000,44606335,12000,1
2011,17000000,56816662,617,1
1997,40000000,33927476,510,0
1995,20000000,19900000,723,0
1999,11000000,101736215,3000,0
2000,60000000,35231365,1000,0
1985,15000000,9929000,22000,1
1993,42000000,20915465,5000,0
2008,85000000,75754670,3000,0
2013,5000000,27296514,11000,1
2004,30000000,21800302,1000,0
2006,18000000,128505958,332,1
2008,90000000,100018837,11000,0
1977,19400870,128300000,559,1
1999,12000000,21133087,347,0
2008,1500000,2283276,56,1
2003,2000000,395592,900,1
2015,11000000,38317535,838,1
2009,8000000,100503,806,0
2009,1000000,3773863,984,1
2002,20000000,56398162,962,0
2006,12000000,28435406,1000,0
1994,50000000,16671505,1000,0
1985,2200000,30000000,426,0
2009,7000000,39462438,12000,1
2011,55000000,68218041,1000,0
1990,25000000,46836394,22000,1
1996,4500000,3798532,3000,1
2015,30000000,52418902,15000,1
2005,45000000,52580895,14000,0
2008,30000000,62877175,15000,1
2013,18000000,10494494,210,0
2008,4000000,542860,163,1
2011,1100000,4105123,1000,1
2003,19000000,26096584,577,0
2011,30000000,23070045,2000,0
1986,16000000,5900000,1000,1
2006,65000000,82226474,1000,0
2003,30000000,51475962,1000,1
2007,10000000,5561,906,0
1994,40000000,38087756,3000,0
1997,15000000,28014536,893,1
1986,40000000,49851591,954,0
1984,30000000,5300000,22000,1
2005,450000,379122,10000,1
2013,5000000,21501098,7000,1
1984,16000000,26400000,358,1
2003,18000000,60057639,1000,1
1994,10000000,29392418,851,0
2012,69000000,37516013,3000,0
2001,500000,295468,22000,0
2006,65000000,43532294,11000,1
2003,1800000,505295,0,1
2011,3850000,611709,232,1
2002,4000000,146402,331,1
2008,60000000,40076438,22000,0
2011,25000000,10324441,10000,0
1996,27000000,78651430,14000,1
2011,3500000,5354039,18000,1
1982,35000000,69700000,1000,0
2008,10000000,7563670,939,0
2010,13400000,163591,898,0
2003,30000000,34604054,5000,0
2004,25000000,9910,690,1
2001,48000000,50173190,18000,1
2005,50000000,18472363,23000,0
1998,66000000,83892374,940,0
2001,16000000,37882551,11000,0
2005,1000000,10042266,1000,0
2007,15000000,28637507,10000,0
2005,40000000,29077547,3000,0
2000,10000000,68353550,4000,0
1987,100000,5228617,467,0
2007,20000000,19661987,11000,1
2014,65000000,115603980,769,1
2008,6000000,2077046,976,0
2002,40000000,14448589,11000,0
2015,5000000,43771291,1000,1
1993,28000000,669276,742,1
2009,10000000,47536959,940,1
2016,20000000,56154094,11000,1
2003,80000000,19480739,23000,0
2007,30000000,50921738,19000,1
2010,7200000,1094798,5000,1
2001,4500000,727883,15000,1
2011,4000000,2601847,48,1
2001,4000000,31252964,13000,1
2010,58000000,90356857,13000,1
2004,2500000,26781723,625,1
2002,4000000,21244913,909,1
2013,39200000,4563029,11000,0
2005,2000000,3885134,538,1
2013,1000000,287761,53,1
2009,17000000,8662318,567,0
1996,8000000,34746109,585,0
2002,3000000,19184015,71,0
2010,20000000,12134420,17000,1
2006,63000000,70236496,12000,0
2010,2500000,99851,191,1
2010,7000000,453079,474,0
2015,3300000,25799043,10000,0
2012,31000000,93749203,18000,1
2014,13000000,38916903,803,0
1986,18500000,85200000,2000,1
1998,55000000,41609593,22000,1
2013,55000000,107100855,15000,1
2010,30000000,48043505,553,1
2007,11000000,1066555,482,0
1987,17000000,15681020,1000,0
2000,1000000,12996,2000,0
2006,13000000,4857376,12000,1
2008,20000000,33422556,22000,1
1992,12500000,10725228,18000,1
1991,24000000,41895491,12000,1
2015,35000000,75274748,22000,1
1999,15000000,130058047,18000,1
2007,25000000,35000629,1000,0
2010,25000000,183662,541,1
1998,2000000,6719300,912,1
2012,3000000,200803,536,0
2000,60000000,32522352,22000,1
1999,19000000,40846082,885,0
1998,75000000,36976367,548,0
1988,4000000,13008928,355,1
1989,16000000,92823600,227,1
1999,6000000,4859475,4000,1
1997,10000000,10200000,623,1
2009,6000000,6670712,3000,1
2002,6000000,20772796,446,1
1989,3000000,11642254,742,0
2009,13000000,51697449,607,0
1999,68000000,28965197,14000,1
2011,55000000,21283440,6000,0
2001,14000000,10397365,878,0
2005,60000000,82569532,12000,0
2004,1200000,55153403,2000,1
1999,30000000,15156200,258,0
1998,15000000,29106737,818,0
1998,27000000,14337579,3000,1
2005,8000000,77413017,11000,1
2001,6000000,2025238,244,0
1980,20000000,2000000,801,0
2004,17500000,23472900,3000,1
2015,20000000,2246000,2000,0
1990,26000000,91457688,743,0
1999,80000000,60507228,340,1
1991,5000000,19281235,901,0
2001,68000000,51396781,5000,1
2007,30000000,16930884,14000,0
2000,1000000,428535,844,0
1998,20000000,37672350,508,0
1998,3000000,24788807,773,1
2004,57000000,6768055,956,0
1999,12000000,175370,13000,0
2008,20000000,6563357,1000,0
1994,55000000,83000000,2000,0
2010,20000000,25077977,681,0
1998,25000000,32368960,285,0
2000,48000000,124107476,599,1
2004,12000000,71502303,912,1
2013,18000000,4435083,25000,1
1996,50000000,25407250,12000,0
2007,2200000,379643,861,0
2007,55000000,5755286,21000,0
2003,10000000,1011054,22000,1
2004,5000000,16066,811,0
2004,3000000,6517198,280,1
2000,48000000,37879996,3000,0
2001,4500000,3287435,11000,1
2002,13000000,28399192,477,0
2004,27000000,8712564,748,0
2013,1200000,3830,3,1
2001,19000000,10049886,17,1
1981,5000000,42365600,629,0
2006,16000000,39511038,20000,0
2008,15000000,7757130,65,1
2015,4000000,35385560,3000,0
2009,40000000,71347010,24000,1
1999,45000000,71423726,25000,1
2000,14000000,21468807,912,0
2002,20000000,1190018,23000,1
2008,27000000,87341380,11000,0
2004,695393,6013,680,1
1996,40000000,32800000,2000,0
2001,92000000,108638745,2000,1
2016,40000000,90835030,2000,0
1993,3000000,1200000,683,0
2005,15000000,23089926,19000,1
1983,12000000,79568000,2000,1
2002,78000000,92930005,22000,1
2008,55000000,35707327,11000,1
2008,8000000,108662,905,0
2002,85000000,40048332,672,0
2001,53000000,45207112,12000,0
1999,15000000,927107,177,1
1997,36000000,12339633,685,1
1993,35000000,4496583,848,1
1991,19000000,130727000,12000,1
1993,22000000,25842000,12000,1
1993,11500000,22954968,12000,1
2009,12000000,119922,52,1
2010,35000000,37481242,1000,0
2004,20000000,15712072,787,0
2012,70000000,36931089,11000,0
2006,400000,1689999,231,1
2016,11500000,35537564,22000,0
2012,4000000,4063,223,0
1998,70000000,74329966,11000,0
2015,35000000,109712885,13000,1
1998,24000000,4308981,23000,0
2004,50000000,41814863,613,0
2001,35000000,112692062,2000,0
1986,25000000,109713132,12000,1
2000,9000000,25530884,716,1
2012,1500000,1521,413,0
2012,30000000,66468315,23000,1
2004,26000000,23222861,1000,0
2000,46000000,70327868,23000,0
2016,3500000,123777,426,0
1995,53000000,91400000,18000,1
2005,87000000,26082914,287,0
1997,1000000,1950218,21000,0
2006,20000000,18843314,472,0
2007,4500000,871577,845,1
2000,5000000,34099640,1000,0
2009,60000000,43337279,10000,0
2000,15000000,5217498,477,0
1997,15000000,43022524,22000,1
1997,375000,617172,643,0
2009,17000000,9430988,925,1
1990,13000000,28501605,659,0
2007,12000000,214202,662,1
2006,50000000,2208939,177,1
2007,20000000,25584685,720,0
2000,25000000,71309760,541,1
2003,6000000,2207975,4000,1
2000,15000000,10494147,989,0
2007,9000000,8579684,22000,1
2012,58000000,49875589,1000,0
2010,20000000,45670855,723,0
2011,35000000,39026186,969,0
2012,500000,1332,552,0
1994,45000000,130512915,924,0
2006,50000000,61112916,21000,0
2002,8500000,28563926,931,0
1992,12000000,27281507,227,1
2010,60000000,31494270,10000,1
2006,26000000,5459824,14000,1
2002,9000000,4681503,1000,0
1995,50000000,13560960,12000,1
2010,10000000,8460995,1000,0
1988,7000000,49369900,130,0
2014,4000000,17314483,986,0
2010,4000000,3950029,186,1
2002,75000000,78120196,4000,1
2012,500000,151389,342,1
1995,30000000,24048000,18000,0
2007,60000000,4535117,26000,0
2009,6000000,4542775,373,0
1986,8000000,52287414,217,1
2001,7000000,13876974,307,1
1998,70000000,19819494,11000,0
2009,6500000,686383,61,1
2014,13000000,44134898,13000,1
1999,2000000,11533945,173,1
2002,17500000,325491,109,0
2013,23000000,25556065,19000,1
1999,16000000,38176108,23000,1
2008,11000000,37766350,664,1
2000,40000000,89138076,287,0
2006,54000000,75604320,277,0
2012,15000000,15608545,746,0
2001,22000000,5974653,2000,0
2002,25000000,38230435,744,0
1987,16000000,14792779,854,1
2001,48000000,93607673,8000,0
1998,12000000,22905674,13000,1
2008,18000000,5694401,27000,1
1982,2500000,14400000,381,0
1996,55000000,18573791,22000,0
1995,22000000,50728000,649,0
2015,8000000,3442820,1000,1
1998,3500000,10305534,625,0
1992,14400000,101157447,16000,1
2003,45000000,89808372,934,0
2000,57000000,15527125,13000,0
2000,11000000,13592872,8000,0
1991,40000000,70405498,433,1
2000,1200000,9180275,2000,1
2005,60000000,82931301,3000,0
2001,6000000,3029081,263,1
2010,20000000,60072596,2000,0
2012,427000,2833383,2000,0
1997,25000000,29247405,1000,0
2010,3000000,1028658,16000,0
1986,25000000,79817937,400,0
2007,45000000,24343673,5000,1
2001,700000,1141829,80,1
2002,36000000,71026631,18000,0
2010,35000000,59699513,826,1
2008,25000000,1089365,22000,0
2004,2700000,5792822,50,1
2007,30000000,3904982,11000,1
1996,890000,24475416,3000,1
2014,25000000,36447959,4000,0
2001,22000000,14252830,3000,0
2008,58000000,31199215,142,0
2000,65000000,14218868,889,0
2011,15000000,1357042,31000,1
1997,45000000,2154540,849,0
2013,30000000,22525921,12000,0
1999,65000000,29655590,1000,0
2006,45000000,6565495,879,0
1996,200000,4505922,4000,1
1997,80000000,112225777,12000,1
1995,1500000,7417210,3000,0
2008,70000000,39380442,29000,1
2015,1000000,62480,446,0
2011,2000000,12555230,120,0
2015,88000000,78747585,22000,0
2010,80000000,55673333,2000,0
2003,78000000,66462600,1000,0
2004,60000000,73701902,2000,0
1998,9000000,17096053,13000,1
2000,3000000,4142507,472,0
2004,26000000,58885635,3000,1
1997,30000000,35927406,663,0
2013,60000000,31165421,5000,0
2000,90000000,60874615,3000,0
2011,5000000,17683670,520,0
2006,38000000,40137776,8000,1
2007,14000000,61356221,997,0
2013,20000000,8888355,997,0
1994,2000000,5132222,991,1
2003,68000000,33685268,11000,0
2002,25000000,10719367,16000,0
1995,14000000,2474000,423,0
2006,200000,1111,2,1
2007,12000000,3950294,21000,0
2005,60000000,668171,489,0
2004,30000000,32774834,860,1
2002,50000000,126203320,12000,0
2006,40000000,81593527,23000,1
2003,10000000,365734,787,0
1986,25000000,11100000,400,1
1981,5500000,58800000,368,1
2008,200000,856942,375,1
2006,27000000,22494487,13000,1
1997,70000000,37901509,11000,0
1997,90000000,47474112,3000,0
2005,950000,1007962,109,1
2001,21150000,25590119,460,0
2009,22000000,12232937,969,0
2010,60000000,80574010,11000,0
2000,10000,673780,5,1
2008,35000000,7948159,3000,0
2013,1200000,2859955,890,0
2001,40000000,70836296,700,0
1989,69500000,54222000,2000,1
1996,40000000,108706165,18000,1
2006,84450000,617228,61,1
1998,30000000,23209440,11000,0
2005,22000000,22264487,591,0
1989,18000000,8508843,723,0
2001,49000000,43905746,26000,0
1977,500000,17000000,423,0
2008,21000000,3081925,22000,1
2000,23000000,13019253,327,0
2000,80000000,34566746,981,1
2007,5250000,766487,4000,0
2011,30000000,10134754,1000,0
2003,4500000,34468224,9000,1
1999,30000000,11900000,21000,0
2004,35000000,20422207,1000,0
2014,42000000,64238770,14000,0
2006,20000000,23292105,960,0
1998,55000000,22843047,852,0
2001,3000000,3293258,560,0
2000,15000000,4734235,555,0
2003,1650000,2580,2000,0
2011,37000000,33037754,12000,0
2003,52000000,23020488,961,0
2012,45000000,18996755,6000,1
2010,1700000,183490,38,0
2011,13000000,301305,306,0
2006,4000000,15655665,690,0
2010,80000000,127968405,29000,1
1984,15000000,15100000,695,0
2001,10000000,488872,478,1
2006,12000000,27829874,26000,0
2001,24000000,20218,1000,0
2012,17000000,64998368,10000,1
2006,1000000,144431,102,1
1992,40000000,45500797,472,0
2004,40000000,95149435,11000,0
1999,10000000,30651422,13000,1
2014,600000,35688,247,0
2015,20000000,44988180,745,1
2012,14000000,49122319,941,0
2007,7300000,4443403,963,1
2009,7500000,9176553,13000,1
2003,90000000,75817994,691,0
2009,40000000,19406406,67,1
2004,18000000,16702864,17000,0
2013,20000000,32014289,31000,0
2005,35000000,19447478,1000,0
2013,1000000,4231500,638,1
1996,28000000,11030963,25000,1
1996,30000000,4357000,3000,0
2001,25000000,5516708,849,0
2014,13200000,52543632,1000,0
1999,13000000,22858926,512,1
1994,25000000,28341469,11000,1
2003,20000000,47887943,3000,0
2003,17000000,22734486,593,0
2013,20000000,26003149,177,0
1996,12000000,4903000,873,0
1998,10000000,9473382,24,1
2002,250000,3799339,94,1
2004,40000000,21176322,1000,0
2013,92000000,67344392,13000,0
2012,3800000,610968,74,1
2008,1000000,2957978,41,1
2008,37000000,30105968,541,0
2009,35000000,10991381,2000,1
1997,365000,489220,686,1
2000,10000000,3041803,902,1
2004,10000000,110175871,4000,0
2009,39000000,63411478,152,1
2005,1500000,49000,724,0
1988,6500000,14545844,413,0
2005,3000000,11694528,989,1
2009,4500000,108229,14000,0
1995,25000000,4064333,6000,0
2009,4000000,274385,595,1
2011,7000000,1738692,3000,1
2011,36000000,1068392,877,0
2008,40000000,19151864,1000,0
2012,2500000,1163508,1000,0
2012,25000000,30920167,1000,0
2012,60000000,55994557,10000,0
2004,9000000,18225165,982,1
2013,6000000,7186670,640,0
2004,4000000,228524,374,1
2015,40000000,72306065,15000,1
2002,40000000,4835968,3000,0
1999,7500000,12610552,488,0
2015,40000000,5773519,11000,0
2014,20000000,5749134,1000,0
2008,10800000,56729973,3000,0
2011,9000000,11860839,2000,0
1996,60000000,60573641,854,0
1980,27000000,54200000,1000,1
2008,12000000,31397498,17000,0
1998,60000,3216970,1000,1
2014,18000000,42335698,15000,1
2006,9800000,56437947,326,1
1994,4500000,52700832,1000,1
2008,8000000,17427926,960,0
2016,40000000,102310175,1000,1
2006,40000000,70163652,17000,0
2006,40000000,50859889,708,1
2014,8000000,52961,144,0
1979,8000000,36500000,16000,1
2011,79000000,74158157,14000,0
2016,18500000,6462576,241,0
2000,85000000,66941559,2000,0
1992,40000000,14358033,782,0
1996,18000000,4414535,597,1
2010,25000000,24042490,3000,0
2005,54000000,70496802,20000,1
1997,1000000,94596,89,1
2015,25000000,42478175,11000,1
2003,95000000,65653758,18000,0
2012,1200000,594904,1000,0
2002,16000000,16346122,835,1
1988,15000000,111936400,742,0
2007,75000000,66636385,22000,1
2002,13000000,46563158,991,1
2008,15500000,23213577,19000,1
2005,15000000,4006906,927,0
2004,10000000,6491350,886,0
2009,30000000,49185998,673,1
1993,14600000,70906973,13000,1
2012,6000000,5895238,8000,0
2011,24000000,9639242,2000,0
1999,500000,985341,980,1
2006,2500000,71904,640,0
2009,10000000,5004648,144,0
2011,63000000,108012170,989,0
2009,10000000,25464480,14000,0
1989,8000000,22168359,321,0
2004,12000000,31179516,1000,0
1998,5000000,1980338,624,0
2005,29000000,6301131,1000,1
1992,40000000,70100000,723,0
1999,65000000,36830057,1000,0
1994,55000000,42610000,437,0
2006,35000000,10139254,20000,1
2005,30000000,25472967,794,0
2012,225000,111300,2,1
2005,4800000,47277326,1000,0
2002,31000000,84961,5000,1
2006,2000000,11284657,380,1
1995,16500000,42700000,25000,1
2010,50000000,33643461,15000,0
2002,30000000,40566655,66,1
2006,35000000,11631245,2000,0
1989,2300000,792966,40,0
2005,9000000,1530535,745,0
1996,45000000,20400913,2000,0
2003,35000000,81257845,2000,1
1991,23000,1227508,5,1
1994,30000000,66528842,12000,1
1998,15000000,17411331,989,0
2003,500000,5739376,22000,1
2007,4600000,434417,13000,0
1991,23000000,7434726,1000,0
2002,25000000,39880476,1000,0
2013,18000000,33404871,594,1
2002,41000000,116724075,1000,0
1984,6500000,38400000,2000,1
2011,60000000,29136626,865,0
2007,600000,23616,23,0
2001,1200000,18488314,816,1
2012,55000000,9483821,13000,0
2009,7000000,9166863,14000,1
2014,5000000,37440,745,1
1997,20000000,10569071,11000,1
2000,4500000,3609278,1000,1
1989,27800000,55210049,12000,0
2008,10000000,578527,603,0
2005,2000000,1900725,1000,1
2002,8000000,45063889,133,1
2005,9000000,1046166,922,0
1993,22000000,96067179,14000,1
2005,1750211,1523883,15,1
1999,16000000,15500000,599,0
2007,26000000,3675072,11000,1
2004,40000000,75305995,904,1
1996,13000000,26539321,694,0
2008,40000000,46012734,1000,0
1988,14000000,34700000,18000,1
2005,88000000,37899638,13000,0
2003,850000,819939,23000,1
2008,2500000,75727,426,0
2005,30000000,8535575,11000,0
2001,22000000,55762229,436,0
2010,28000000,24268828,1000,0
2003,40000000,59588068,21000,0
2011,6600000,37295394,1000,0
2007,16000000,634277,809,1
1996,8500000,15171475,1000,0
2010,20000000,117224271,608,1
2001,15500000,313436,117,1
2010,15000000,2412045,10000,1
1980,3500000,83400000,628,1
1998,15000000,10443316,925,0
1995,2500000,5400000,15,1
2012,1800000,12784397,2000,1
2013,10000000,28873374,773,0
2011,10000000,2331318,982,0
2015,35000000,10214013,1000,0
2004,40000000,12181484,1000,0
2004,6000000,119078393,503,1
2001,35000000,60400856,11000,0
2007,6000000,872643,532,0
2011,25000000,13651662,27000,1
2010,60000000,60128566,14000,0
2011,6000000,5359774,3000,1
2014,3300000,13092000,24000,1
2000,9000000,20035310,3000,0
2011,60000,40557,968,0
2001,45000000,32095318,1000,0
2007,17000000,82234139,14000,1
1995,800000,4771000,529,1
1996,4000000,2892582,925,1
2002,20000000,75597042,2000,0
2002,35000000,32519322,396,1
2014,25000000,33631221,3000,0
2012,12000000,25240988,28,0
1994,16000000,127175354,879,1
2005,88000000,61644321,680,1
1997,15000000,26384919,3000,1
2002,825000,15278,284,0
1997,28000000,8119205,1000,0
1998,48000000,37339525,3000,0
1981,6000000,25244700,742,1
1992,8000000,6739141,1000,0
2011,10000000,46377022,1000,1
2005,60000000,28031250,12000,0
1999,6000000,4394936,4000,0
2002,15000000,13060843,22000,1
2003,25000000,30222640,2000,0
2000,8000000,5018450,1000,0
2000,32000000,48814909,22000,1
2003,55000000,33828318,13000,0
2014,50000000,47553512,490,0
2005,50000000,66002004,660,0
1996,19000000,25753840,16000,1
1994,35000000,33423521,2000,0
1982,16000000,54000000,844,1
2014,6000000,20200,11000,0
1999,8000000,17843379,452,0
1987,10000000,3060858,754,0
2009,65000000,67128202,12000,0
2009,35000000,73023275,3000,0
1999,15000000,11614236,12000,0
1997,93000000,63540020,14000,1
1995,52000000,42438300,22000,1
2015,30000000,17750583,14000,1
1996,45000000,92001027,1000,1
2004,90000000,59475623,11000,0
2016,5000000,20773070,634,0
1999,70000000,23159305,14000,1
2006,70000000,42272747,3000,0
2015,1900000,444044,628,1
2003,20000000,15408822,651,0
1978,24000000,13000000,738,0
1995,7000000,25625110,16000,1
2009,25000000,25615792,756,0
2000,22000000,13555988,554,0
2012,10000000,21589307,11000,1
2003,41000000,22108977,687,0
1997,40000000,45856732,13000,1
1998,17000000,16311763,989,1
2016,7000000,1330827,18000,0
2015,7000000,17474107,637,1
2006,6000000,17605861,1000,1
2012,850000,1243961,938,0
1999,60000000,22326247,978,0
2008,11000000,90556401,755,0
2012,30000000,42043633,26000,0
2004,26000000,14469428,826,0
1993,2500000,15935068,935,0
2008,37000000,48006503,18000,0
2001,11000000,23978402,584,0
1993,32000000,36733909,344,1
2011,15000000,13766014,11000,0
2004,42000000,87856565,22000,0
1987,15000000,59735548,1000,1
2002,26000000,36985501,2000,0
2001,4000000,10097096,522,0
2013,6000000,8828771,20000,0
1994,20000000,11784000,400,0
2009,50000000,73343413,18000,1
1986,15000000,1953732,876,0
2001,45000000,76261036,18000,1
2001,38000000,24044532,308,0
2002,46000000,67263182,14000,1
2007,35000000,5932060,14000,0
1998,15000000,17439163,22000,1
1999,17000000,65535067,1000,0
2003,3200000,8243880,658,0
2009,58000000,29580087,963,0
1995,50000000,81022333,426,0
2015,10000000,531009,11000,0
2000,34000000,6543194,818,0
2004,20000000,51431160,1000,0
2007,8000000,23618786,175,1
2007,2600000,38108,123,1
2007,16500000,18663911,11000,1
2010,19900000,252652,29,0
1998,1000000,982214,245,1
2000,43000000,37035515,12000,0
2011,25000000,18860403,963,0
2002,10000000,8111360,460,1
2002,80000000,56684819,891,0
2012,13000000,17738570,8000,1
1988,2800000,19170001,935,0
1998,80000000,18318000,1000,0
2014,9000000,162,2000,0
2007,10000000,63270259,723,0
1997,45000000,65557989,2000,0
2000,15000000,26421314,193,0
2000,20000000,17804273,12000,0
2004,11000000,3753806,979,1
2006,13500000,37623143,634,1
2009,27000000,1260917,1000,1
1993,19000000,2119994,2,0
2007,2000000,1134049,168,1
2001,52500000,57386369,1000,1
2006,19400000,8047690,2000,1
2001,72000000,112950721,1000,0
2011,20000000,17149,567,0
1990,54000000,66676062,14000,1
1992,13000000,11501093,901,1
2008,6500000,4693919,1000,0
2009,75000000,120523073,13000,1
1982,4000000,36200000,72,0
2001,5500000,56007,4000,0
1988,25000000,16118077,967,0
2004,3500000,96793,4000,0
1995,5000000,15126948,742,0
2003,80000000,116643346,10000,0
2008,45000000,7916887,23000,0
2004,30000000,85416609,19000,0
1980,6000000,54800000,2000,1
1999,8000000,4692814,883,0
2004,500000,603943,710,1
2009,7300000,1818681,788,1
1999,6500000,10149779,730,0
2002,1600000,39659,14,0
1984,25000000,8600000,14000,0
2011,18000000,43853424,2000,1
1998,960000,3650677,26000,1
2000,75000000,68473360,867,0
2007,15000000,18352454,17000,1
1997,10000000,12514138,962,1
2001,40000000,4777007,545,0
1996,80000000,32885565,13000,0
2002,15600000,13571817,890,0
1994,2000000,11546543,483,1
2009,40000000,13838130,14000,0
2010,3200000,5776314,1000,1
2015,20000000,6420319,1000,1
2006,13000000,1150403,2000,1
1992,10000000,32101000,535,0
1988,28000000,81350242,25000,1
1994,50000000,38590500,854,0
1999,2200000,104257,798,1
2002,35000000,30307804,775,0
1998,25000000,100241322,1000,1
2005,25000000,5654777,843,0
2008,35000000,25871834,1000,0
1994,8000000,107930000,13000,1
1991,8000000,2275557,1000,0
2008,35000000,18593156,2000,1
2002,30000000,12987647,3000,1
2004,30000000,14018364,976,0
1997,3000000,3559990,578,0
2000,1500000,1221261,827,1
2009,15000000,33386128,908,0
1994,5000000,3049135,14000,1
2010,500000,98017,353,0
2010,95000000,88761720,8000,0
1994,23000000,50693162,720,1
2002,3000000,5844929,953,0
2016,38000000,34912982,17000,0
2009,11000000,27669413,723,0
2011,70000000,48430355,17000,0
2003,500000,30500882,48,0
2013,1500000,3447339,801,0
2001,40000000,27053815,964,0
2014,55000000,76137505,838,1
1979,31500000,78800000,11000,1
2001,33000000,51758599,2000,0
1999,22000000,9694105,3000,0
2010,3000000,84749884,438,0
1999,65000000,55637680,10000,1
1995,90000000,100012500,13000,1
1993,6900000,7993039,14000,1
1999,14000000,30628981,8000,0
2004,59660000,18947630,21,1
2015,25000000,16027866,805,0
2002,2000000,768045,773,1
2005,40000000,19118247,1000,0
2010,20000000,25677801,2000,0
2000,2000000,5383834,85,1
2007,3400000,7159147,382,1
1999,24000000,8427204,512,0
2011,80000000,80360866,3000,0
2008,6000000,36497,11000,0
2009,3800000,100669,22000,0
2005,28000000,38372662,422,1
2004,37000000,69148997,1000,0
2014,22000000,59696176,329,0
1996,47000000,5600000,8000,0
2004,13000000,23947,8000,1
2006,9000000,16235293,607,0
2005,25000000,5128124,12000,1
2010,1800000,40990055,463,0
2002,30000000,17266505,19000,0
1996,13000000,2104000,979,0
2003,55000000,34238611,933,0
2014,10000000,14479776,11000,0
2013,8000000,17536788,434,1
2000,45000000,106793915,579,0
2014,5000000,830210,578,0
2011,42000000,37652565,10000,0
1998,45000000,11146409,3000,0
2003,26000000,47285499,1000,0
2010,20000000,62933793,742,0
2007,850000,442638,465,1
2013,250000,49494,924,0
2006,52000000,118683135,4000,0
2002,12500000,21078145,18000,1
2011,49900000,21557240,20000,0
1982,11000000,78900000,12000,1
2000,40000000,37752931,24000,0
2008,25000000,80034302,2000,0
2002,30000000,40118420,585,0
1996,39000000,30400000,592,0
1986,2700000,3500000,1000,0
2011,20000000,23179303,3000,0
1996,18000000,26906039,844,0
1992,11000000,52929168,886,1
2011,750000,77501,969,0
1998,25000000,30012990,288,1
1995,6000000,23272306,18000,1
2011,15000000,28870,17000,0
2000,6000000,30093107,26000,1
2004,7000000,2921738,8000,1
2009,55000000,16088610,939,0
1997,25000,2856622,136,1
2012,20000000,17529157,991,0
2002,3300000,7563397,1000,1
2004,12800000,1110186,717,1
1999,42000000,116006080,8000,0
2000,24000000,5108820,12000,0
2015,34000000,37432299,989,1
1997,18000000,7837632,805,1
1995,72000000,75600000,906,1
2013,80000000,36073232,882,0
2012,15000000,14989761,2000,1
1994,45000000,57362581,13000,0
2006,3000000,252726,702,1
2015,30000000,71038190,598,0
1996,15000000,103001286,611,1
2005,6800000,49526,710,0
2008,15000000,15700000,10000,1
2009,5000000,5009677,18000,1
2002,12000000,25776062,4000,1
1999,40000000,33864342,711,0
1988,12500000,48092846,912,1
1989,7500000,106593296,11000,1
1987,15000000,43848100,826,1
1993,3000000,3902679,687,0
1993,23500000,10696210,1000,0
2005,50000000,24127895,12000,1
2005,10000000,11703287,772,0
2002,17000000,37939782,1000,0
1999,24000000,28871190,11000,1
2013,12000000,17613460,1000,1
2003,60000000,31111260,894,0
2002,30000000,65010106,442,1
2014,70000000,18821279,576,0
1996,50000000,70450000,848,0
2013,30000000,35266619,17000,0
1987,3000000,7888703,641,0
1998,50000000,44484065,18000,1
2015,10000000,5348317,14000,1
2006,64000000,58255287,979,0
2012,40000000,41102171,10000,0
1995,6500000,82528097,975,1
1999,30000000,11576087,811,0
2001,5000000,6755271,847,0
2013,40000000,57011847,3000,0
2000,20000000,27277055,1000,1
2008,5000000,13350177,1000,0
1991,38000000,35183792,720,1
2008,40000000,9589875,2000,1
2012,2500000,33349949,871,0
1996,45000000,20101861,905,0
1985,6900000,41400000,16000,1
2004,13500000,5501940,918,1
2001,42000000,16252765,11000,0
1980,18000000,45250,22000,1
1991,25000000,78656813,642,0
2014,50000000,47105085,21000,1
2004,24000000,42880,22000,0
1999,5000000,19421271,2000,0
2012,16000000,2964,1000,0
2007,25000000,49024969,1000,1
2013,35000000,8324748,113,1
1983,25000000,44700000,14000,1
1999,10000000,63319509,23000,0
2001,30000000,80920948,770,0
2005,40000000,74098862,3000,1
2004,70000000,77862546,18000,1
2010,52000000,110476776,14000,0
2008,23000000,11508423,721,0
2011,40000000,57981889,11000,1
2005,50000000,80270227,631,0
2012,40000000,18438149,61,0
2002,15000000,47811275,934,0
1999,38000000,50668906,18000,1
2005,3000000,2912363,113,1
2003,30000000,70098138,926,1
2011,30000000,21426805,614,0
2014,95000000,17176900,12000,0
2014,50000000,50150619,17000,1
1987,1000000,14564027,266,0
2001,18000000,15561627,16000,1
1997,6000000,14821531,2000,1
2005,35000000,18324242,10000,1
2006,28000000,17324744,806,0
1993,10000000,18272447,556,0
2010,6800000,6857096,131,1
2008,10000000,128486,398,1
2006,1000000,721,563,0
2002,14000000,25482931,706,0
1985,3000000,20966644,687,1
2001,34000000,19693891,973,0
2014,22000000,54235441,820,1
2005,1500000,100358,374,0
2001,7000000,6173485,56,1
2012,35000000,13101142,18000,0
2014,5000000,18656400,17000,1
2011,5000000,104007828,581,0
2012,1000000,53245055,403,0
2002,35000000,54228104,15000,1
1996,50000000,20550712,18000,0
2014,5000000,32453345,510,0
1995,35000000,60054449,900,0
1997,35000000,6448817,690,0
2008,34000000,15081783,6,1
2006,40000000,53082743,23000,1
2013,8000000,16168741,480,1
2008,20000000,31838002,11000,1
2012,16000000,45507053,13000,1
1994,15000000,50003300,23000,1
2000,95000000,73209340,833,0
2008,70000000,70224196,11000,0
1991,6000000,869325,721,0
1997,35000000,64604977,18000,1
2001,1700000,35918429,1000,1
1998,70000000,101217900,770,0
2000,45000000,60786269,811,0
2004,8550000,4992159,861,0
2002,8000000,3076425,963,1
2010,24000000,25003072,3000,0
1998,4500000,23031390,1000,0
2010,90000000,190562,887,0
2006,51000000,72601713,677,0
2014,14000000,91121452,19000,1
2010,10000000,7691700,1000,1
2005,20000000,46363118,526,0
1993,26000000,77324422,18000,1
2015,450000,34151,3,1
2006,50000000,22518325,19000,0
1999,23000000,10660147,327,1
2000,23000000,39235088,14000,1
2004,17000000,86049418,2000,0
2009,13000000,6615578,577,0
1993,25000000,10769960,854,1
2015,3500000,29233,21,0
2001,50000000,33422806,1000,0
2013,90000000,68558662,8000,0
1989,11000000,49797148,1000,1
2000,8000000,16938179,14000,0
2002,5300000,3895664,809,1
2011,36000000,45045037,966,0
2003,76000000,127083765,23000,0
2012,35000000,183125,12000,0
2007,40000000,128978,5000,1
2000,15000000,128067808,103,1
2010,12000000,4018695,8000,1
2005,15000000,5023275,572,1
2008,45000000,101702060,14000,0
2003,17000000,37566230,818,0
2004,65000,11529368,0,1
2008,37000000,60338891,24000,0
1982,15000000,13782838,957,1
1999,34000000,11227940,372,0
2005,30000000,32048809,730,0
2004,70000000,51225796,18000,1
2006,85000000,62494975,584,0
2006,30000000,22526144,973,0
2012,5000000,14123773,11000,0
1991,35000000,14587732,605,0
2009,40000000,94125426,11000,0
2000,6000000,8596914,697,0
1995,6000000,2122561,1000,1
2001,92000000,26871,11000,0
2009,18000000,23993605,390,0
2014,5000000,10429707,589,0
2000,1800000,3050934,767,1
2000,52000000,125548685,8000,1
1994,27000000,44450000,664,0
2006,14000000,11204499,12000,0
2008,12500000,9030581,77,1
1997,36000000,44175394,12000,1
2003,20000000,67325559,596,1
2004,30000000,66207920,890,1
1987,23000000,43984230,1000,1
2009,23600000,75590286,15000,1
2008,48000000,64505912,11000,0
2009,45000000,25200412,1000,0
2011,50000000,10706786,12000,0
1998,80000000,69102910,10000,0
1999,4000000,399793,2000,0
2002,7500000,10460089,673,1
2010,85000000,43575716,975,0
1997,50000000,41256277,294,0
2013,35000000,83299761,15000,1
2008,15000000,12701880,354,0
1993,17000000,42660000,533,0
2016,3000000,3105269,574,0
2004,27000000,33987757,20000,1
2013,19000000,21483154,876,1
1993,13000000,12281500,11000,1
2011,66000000,79883359,25000,1
2009,160000,155984,58,1
2009,25000000,83813460,24000,1
1987,25000000,76270454,22000,1
2012,7000000,40983001,15000,1
2010,20000000,36658108,759,0
2003,20000000,35990505,14000,0
2006,15000000,31471430,97,1
2015,15000000,25440971,149,1
2009,42000000,59992760,468,0
2007,590000,1185783,131,1
2015,35000000,34531832,10000,1
2008,5000000,124720,3000,1
2007,65000000,33048353,21000,1
2003,15000000,13005485,638,1
1984,18000000,26400000,691,0
2010,7000000,382946,23000,1
2002,10000000,30306281,931,0
1999,8000000,14879556,2000,1
2006,24000000,70269171,13000,1
2013,12000000,37707719,1000,1
1999,6000000,6851636,1000,0
2000,43000000,51768623,670,1
1987,22700000,38119483,1000,1
1984,18000000,51600000,692,1
2013,9200000,2835886,211,1
2014,16000000,13998282,12000,0
2005,7000000,28747570,22000,1
2015,81200000,1339152,12000,1
2009,60000000,71844424,433,1
2006,21000000,480314,826,0
2002,43000000,24430272,44,0
2008,92000000,110416702,21000,0
2001,60000000,93375151,3000,0
1999,52000000,34580635,134,1
2008,22000000,20668843,939,0
2010,16000000,19057024,21000,1
2002,30000000,51432423,1000,0
2012,10000000,3333823,823,0
2009,80000000,19673424,529,0
1980,36000000,7000000,521,0
2005,85000000,57010853,879,1
2009,18000000,8742261,841,0
1997,4500000,713413,25,1
1983,10000000,25600000,10000,1
2004,12000000,17016190,1000,0
1995,3600000,31968347,12000,1
2009,21000000,8855646,22000,1
1978,20000000,102922376,813,0
2003,38000000,111760631,13000,0
1984,7500000,5100000,584,0
1997,10000000,15447,795,0
2015,11000000,33305037,16000,1
2006,6500000,13367101,435,0
2003,17000000,35143332,296,0
2015,8500000,131175,584,0
2004,60000000,77032279,15000,1
2007,61000000,46975183,650,1
2000,10000000,1631839,14000,0
2007,15000000,20801344,919,0
2001,10000000,20384136,690,0
1998,60000000,12065985,743,0
2003,45000000,59365105,14000,1
1997,3500000,45857453,1000,1
2013,20000000,2319187,3000,0
2006,50000000,28133159,12000,0
2000,13500000,7060876,14000,1
2005,28000000,119518352,523,1
2011,6500000,4000304,13000,1
2003,70000000,66257002,12000,1
2002,70000000,33105600,989,0
2011,90000000,102515793,18000,1
2015,17000000,44469602,427,1
2011,500000,7098492,786,1
2008,27000000,26876529,741,0
1994,700000,7830611,7,1
2014,5000000,17382982,1000,0
2011,32000000,54696902,15000,1
2001,35000000,33357476,1000,0
2001,35000000,13264986,694,0
2006,35000000,49413,155,1
2014,7000000,15818967,971,0
2001,22000000,40270895,967,1
2005,53000000,55808744,12000,0
2008,40000000,32853640,1000,0
2016,60000000,62401264,18000,0
2014,6500000,84263837,1000,0
2001,19800000,41300105,1000,1
2016,23000000,15785632,20000,1
2009,15000000,33860010,14000,0
2004,24000000,16964743,2000,0
2016,28000000,10907291,2000,0
2006,3300000,8108247,625,1
1998,13000000,16574731,4000,0
2013,90000000,58229120,3000,1
1996,44000000,44834712,23000,0
2012,6000000,11434867,24000,1
2001,42000000,15738632,11000,0
2007,35000000,10956379,889,0
2006,33000000,57651794,11000,0
2015,40000000,90353764,8000,0
2000,40000000,14967182,13000,0
1998,90000000,50628009,9000,0
1998,26000000,65703412,1000,0
2001,38000000,22770864,854,0
2012,65000000,42345531,14000,0
1982,28000000,27000000,11000,1
1992,40000000,82522790,18000,1
1999,2500000,1282084,745,0
2001,20000000,41867960,1000,0
2015,5000000,4700361,4000,0
2011,6400000,14597405,13000,0
1992,40000000,107458785,15000,1
2009,15000000,6373693,24000,0
1993,25000000,56505065,2000,1
2016,35000000,55291815,17000,0
2000,80000000,39442871,11000,0
2012,12000000,64572496,963,1
1992,20000000,121697350,1000,0
2010,37000000,44867349,13000,0
1999,50000000,27067160,13000,0
2003,6000000,3432342,150,1
2010,80000000,100169068,3000,0
2010,37000000,92173235,10000,1
2007,4000000,8060,585,1
2005,30000000,43894863,944,0
1987,29000000,5899797,18000,1
2003,11000000,32131483,1000,0
2007,20000000,5701643,627,1
1999,4000000,2800000,834,0
2011,56000000,54540525,22000,0
2008,30000000,20981633,826,0
2002,60000000,50189179,966,0
2013,17500000,7017178,549,0
2002,7500000,4239767,611,0
1981,2000000,9003011,745,1
2013,1300000,11278,31,0
1987,16000000,30857814,18000,1
2002,20000000,48423368,1000,0
2000,36000000,2954405,944,0
2004,15000000,29302097,811,0
2005,15000000,4235837,21000,1
1998,2500000,64359,578,0
1998,14000000,15062898,3000,0
2006,17000000,6855137,23000,1
1997,50000000,48265581,495,1
2009,25000000,56692,10000,1
2016,25000000,1512815,20000,0
1997,40000000,54967359,2000,0
2006,13000000,1172769,22000,1
2009,13000000,336467,488,1
2003,75000000,30013346,11000,0
2007,10000000,20339754,655,0
2012,2000000,2436,416,0
2011,2000000,34522221,690,0
2006,70000000,5851188,844,0
1987,2600000,3130592,443,1
2005,7500000,31501218,21000,1
2012,40000000,26404753,922,0
2013,20000000,7268659,2000,0
1993,11900000,48856,15,1
2002,10600000,22160085,541,0
2008,75000000,83077470,10000,1
2001,28000000,8434601,26000,0
2000,26000000,45506619,1000,1
2013,3000000,64423650,942,0
2011,20000000,82624961,8000,1
2000,42000,241816,552,1
2003,60000000,104148781,1000,0
2007,15000000,30226144,18000,1
2005,15000000,33565375,883,1
1999,75000000,97360069,2000,0
2010,6000000,399611,767,0
1988,63000000,53715611,13000,0
2012,3000000,418268,4000,0
1995,35000000,70960517,16000,1
2009,16000000,16204793,24000,0
2015,13000000,14677654,805,1
